AL,AP,BA,CE,DF,ES,GO,MA,MG,MT,PA,PB,PE,PR,RJ,RS,SC,SE,SP,TO
MACEIO,MACAPA,LAURO DE FREITAS,FORTALEZA,BRASILIA,SERRA,ANAPOLIS,SAO LUIS,BELO HORIZONTE,CUIABA,ANANINDEUA,BELEM,RECIFE,CURITIBA,CAMPOS DOS GOYTACAZES,CANOAS,BLUMENAU,ARACAJU,AMERICANA,PALMAS
,,SIMOES FILHO,SOBRAL,,VILA VELHA,APARECIDA DE GOIANIA,,BETIM,VARZEA GRANDE,BELEM,CAMPINA GRANDE,,LONDRINA,DUQUE DE CAXIAS,CAXIAS DO SUL,CHAPECO,,ARUJA,
,,VITORIA DA CONQUISTA,TIANGUA,,,BURITI ALEGRE,,BRUMADINHO,,,JOAO PESSOA,,MARINGA,ITAGUAI,PELOTAS,FLORIANOPOLIS,,BARUERI,
,,,,,,CACHOEIRA DOURADA,,CONTAGEM,,,PATOS,,,NITEROI,PORTO ALEGRE,ITAJAI,,BAURU,
,,,,,,GOIANIA,,ITAJUBA,,,,,,NOVA IGUACU,VIAMAO,JARAGUA DO SUL,,CAMPINAS,
,,,,,,MONTIVIDIU,,MONTES CLAROS,,,,,,RIO DAS OSTRAS,,JOINVILLE,,CARAPICUIBA,
,,,,,,MORRINHOS,,UBERLANDIA,,,,,,RIO DE JANEIRO,,LAGES,,COTIA,
,,,,,,RIO VERDE,,,,,,,,VOLTA REDONDA,,SAO JOSE,,GUARULHOS,
,,,,,,,,,,,,,,,,,,IBIUNA,
,,,,,,,,,,,,,,,,,,INDAIATUBA,
,,,,,,,,,,,,,,,,,,JUNDIAI,
,,,,,,,,,,,,,,,,,,LIMEIRA,
,,,,,,,,,,,,,,,,,,MOGI DAS CRUZES,
,,,,,,,,,,,,,,,,,,MOGI GUACU,
,,,,,,,,,,,,,,,,,,MOGI MIRIM,
,,,,,,,,,,,,,,,,,,OSASCO,
,,,,,,,,,,,,,,,,,,PIRACICABA,
,,,,,,,,,,,,,,,,,,PRAIA GRANDE,
,,,,,,,,,,,,,,,,,,RIBEIRAO PRETO,
,,,,,,,,,,,,,,,,,,SANTO ANDRE,
,,,,,,,,,,,,,,,,,,SANTOS,
,,,,,,,,,,,,,,,,,,SAO BERNARDO DO CAMPO,
,,,,,,,,,,,,,,,,,,SAO CAETANO DO SUL,
,,,,,,,,,,,,,,,,,,SAO CARLOS,
,,,,,,,,,,,,,,,,,,SAO JOSE DO RIO PRETO,
,,,,,,,,,,,,,,,,,,SAO JOSE DOS CAMPOS,
,,,,,,,,,,,,,,,,,,SAO PAULO,
,,,,,,,,,,,,,,,,,,SOROCABA,
,,,,,,,,,,,,,,,,,,TAUBATE,
,,,,,,,,,,,,,,,,,,VOTUPORANGA,
